{"registration": {"agentType": "controller", "agentName": "house_14_1_thermostat_controller", "timeDelta": 1, "broker": "tcp://localhost:5570", "publications": {"pistar": {"propertyType": "double", "propertyUnit": "none", "propertyValue": 0.0}, "quantity": {"propertyType": "double", "propertyUnit": "none", "propertyValue": 1}, "P_ON": {"propertyType": "double", "propertyUnit": "none", "propertyValue": 1}, "state": {"propertyType": "string", "propertyUnit": "none", "propertyValue": "BS_UNKNOWN"}, "air_temperature": {"propertyType": "double", "propertyUnit": "none", "propertyValue": 72}}, "subscriptions": {"auction": {"Market_1": {"retail_price": {"propertyType": "double", "propertyUnit": "none", "propertyValue": 0.0}}}, "housewelfare": {}}, "values": {"air_temperature": {"topic": "gridlabdSimulator1/house_14_1/air_temperature", "default": "69.418668", "type": "double", "list": "false"}, "hvac_load": {"topic": "gridlabdSimulator1/house_14_1/hvac_load", "default": 0, "type": "double", "list": "false"}, "costperinterval": {"topic": "auction_Market_1/house_14_1/costperinterval", "default": 0, "type": "double", "list": "false"}, "lumpsum": {"topic": "auction_Market_1/house_14_1/lumpsum", "default": 0, "type": "double", "list": "false"}}}, "initial_values": {"controller_information": {"marketName": "Market_1", "houseName": "house_14_1"}, "market_information": {"retail_price": 0.02}, "house_information": {"Tbliss": 72, "d": 4, "theta": 20, "P": 2, "houseType": "small", "CNode": 692, "Phase": "BN"}}}