{"registration": {"agentType": "controller", "agentName": "house_14_10_thermostat_controller", "timeDelta": 5, "broker": "tcp://localhost:5570", "publications": {"market_id": {"propertyType": "integer", "propertyUnit": "none", "propertyValue": 1}, "bid_id": {"propertyType": "string", "propertyUnit": "none", "propertyValue": "none"}, "bid_name": {"propertyType": "string", "propertyUnit": "none", "propertyValue": "none"}, "price": {"propertyType": "double", "propertyUnit": "none", "propertyValue": 0.0}, "quantity": {"propertyType": "double", "propertyUnit": "none", "propertyValue": 1}, "bid_accepted": {"propertyType": "integer", "propertyUnit": "none", "propertyValue": 1}, "state": {"propertyType": "string", "propertyUnit": "none", "propertyValue": "BS_UNKNOWN"}, "rebid": {"propertyType": "integer", "propertyUnit": "none", "propertyValue": 0}, "override_prop": {"propertyType": "string", "propertyUnit": "none", "propertyValue": "none"}, "air_temperature": {"propertyType": "double", "propertyUnit": "none", "propertyValue": 78}}, "subscriptions": {"auction": {"Market_1": {"id": {"propertyType": "integer", "propertyUnit": "none", "propertyValue": 1}, "initial_price": {"propertyType": "double", "propertyUnit": "none", "propertyValue": 0.0}, "average_price": {"propertyType": "double", "propertyUnit": "none", "propertyValue": 0.0}, "std_dev": {"propertyType": "double", "propertyUnit": "none", "propertyValue": 0.0}, "clear_price": {"propertyType": "double", "propertyUnit": "none", "propertyValue": 0.0}, "price_cap": {"propertyType": "double", "propertyUnit": "none", "propertyValue": 0.0}}}}, "values": {"air_temperature": {"topic": "gridlabdSimulator1/house_14_10/air_temperature", "default": 78.0, "type": "double", "list": "false"}, "power_state": {"topic": "gridlabdSimulator1/house_14_10/power_state", "default": "ON", "type": "string", "list": "false"}, "hvac_load": {"topic": "gridlabdSimulator1/house_14_10/hvac_load", "default": 0, "type": "double", "list": "false"}}}, "initial_values": {"controller_information": {"control_mode": "CN_RAMP", "marketName": "Market_1", "houseName": "house_14_10", "bid_id": "house_14_10_thermostat_controller", "period": 300, "ramp_low": 2.16957520150685, "ramp_high": 1.6424152480999235, "range_low": -2.571577021424328, "range_high": 1.7374262678065961, "base_setpoint": 76.0833000997857, "bid_delay": 60, "use_predictive_bidding": 0, "use_override": "OFF"}, "market_information": {"market_id": 0, "market_unit": "kW", "initial_price": 0.02078, "average_price": 0.02078, "std_dev": 0.01, "clear_price": 0.02078, "price_cap": 3.78, "period": 300}, "house_information": {"Tbliss": 75, "d": 10, "theta": 0.0004005354174279931, "P": 2, "houseType": "small"}}}