# file...... distribution_load.csv,,,,,
# date...... Tue Sep 05 17:22:18 2017,,,,,
# user...... swathi,,,,,
# host...... (null),,,,,
# target.... substation 52,,,,,
# trigger... (none),,,,,
# interval.. 60,,,,,
# limit..... 0,,,,,
# timestamp,distribution_load, positive_sequence_voltage,,,
2000-07-01 10:00:00 EDT,+112434-258775j,+2401+0i,,,112434
2000-07-01 10:01:00 EDT,+184559-239743j,+2401+0i,,,184559
2000-07-01 10:02:00 EDT,+241960-224395j,+2401+0i,,,241960
2000-07-01 10:03:00 EDT,+234089-226438j,+2401+0i,,,234089
2000-07-01 10:04:00 EDT,+211816-232389j,+2401+0i,,,211816
2000-07-01 10:05:00 EDT,+150463-248685j,+2401+0i,,,150463
2000-07-01 10:06:00 EDT,+228101-228179j,+2401+0i,,,228101
2000-07-01 10:07:00 EDT,+302515-208147j,+2401+0i,,,302515
2000-07-01 10:08:00 EDT,+315399-204488j,+2401+0i,,,315399
2000-07-01 10:09:00 EDT,+292194-210829j,+2401+0i,,,292194
2000-07-01 10:10:00 EDT,+242123-224371j,+2401+0i,,,242123
2000-07-01 10:11:00 EDT,+266188-217952j,+2401+0i,,,266188
2000-07-01 10:12:00 EDT,+281783-213710j,+2401+0i,,,281783
2000-07-01 10:13:00 EDT,+311291-205739j,+2401+0i,,,311291
2000-07-01 10:14:00 EDT,+371567-189322j,+2401+0i,,,371567
2000-07-01 10:15:00 EDT,+326584-201585j,+2401+0i,,,326584
2000-07-01 10:16:00 EDT,+307509-206669j,+2401+0i,,,307509
2000-07-01 10:17:00 EDT,+313052-205263j,+2401+0i,,,313052
2000-07-01 10:18:00 EDT,+328901-200936j,+2401+0i,,,328901
2000-07-01 10:19:00 EDT,+351655-194701j,+2401+0i,,,351655
2000-07-01 10:20:00 EDT,+386522-185079j,+2401+0i,,,386522
2000-07-01 10:21:00 EDT,+362262-191872j,+2401+0i,,,362262
2000-07-01 10:22:00 EDT,+330694-200537j,+2401+0i,,,330694
2000-07-01 10:23:00 EDT,+314314-204895j,+2401+0i,,,314314
2000-07-01 10:24:00 EDT,+349391-195384j,+2401+0i,,,349391
2000-07-01 10:25:00 EDT,+406861-179585j,+2401+0i,,,406861
2000-07-01 10:26:00 EDT,+435241-171705j,+2401+0i,,,435241
2000-07-01 10:27:00 EDT,+373235-188798j,+2401+0i,,,373235
2000-07-01 10:28:00 EDT,+338051-198393j,+2401+0i,,,338051
2000-07-01 10:29:00 EDT,+338282-198408j,+2401+0i,,,338282
2000-07-01 10:30:00 EDT,+362209-191988j,+2401+0i,,,362209
2000-07-01 10:31:00 EDT,+410742-178533j,+2401+0i,,,410742
2000-07-01 10:32:00 EDT,+424364-174799j,+2401+0i,,,424364
2000-07-01 10:33:00 EDT,+384958-185529j,+2401+0i,,,384958
2000-07-01 10:34:00 EDT,+382422-186263j,+2401+0i,,,382422
2000-07-01 10:35:00 EDT,+386931-185130j,+2401+0i,,,386931
2000-07-01 10:36:00 EDT,+321104-203106j,+2401+0i,,,321104
2000-07-01 10:37:00 EDT,+285638-212524j,+2401+0i,,,285638
2000-07-01 10:38:00 EDT,+326463-201322j,+2401+0i,,,326463
2000-07-01 10:39:00 EDT,+292355-210704j,+2401+0i,,,292355
2000-07-01 10:40:00 EDT,+286411-212376j,+2401+0i,,,286411
2000-07-01 10:41:00 EDT,+276256-215067j,+2401+0i,,,276256
2000-07-01 10:42:00 EDT,+288432-211834j,+2401+0i,,,288432
2000-07-01 10:43:00 EDT,+293741-210370j,+2401+0i,,,293741
2000-07-01 10:44:00 EDT,+314339-204582j,+2401+0i,,,314339
2000-07-01 10:45:00 EDT,+274379-215579j,+2401+0i,,,274379
2000-07-01 10:46:00 EDT,+281339-213792j,+2401+0i,,,281339
2000-07-01 10:47:00 EDT,+305841-207167j,+2401+0i,,,305841
2000-07-01 10:48:00 EDT,+296099-209733j,+2401+0i,,,296099
2000-07-01 10:49:00 EDT,+292950-210329j,+2401+0i,,,292950
2000-07-01 10:50:00 EDT,+307113-206499j,+2401+0i,,,307113
2000-07-01 10:51:00 EDT,+305782-207110j,+2401+0i,,,305782
2000-07-01 10:52:00 EDT,+297550-209478j,+2401+0i,,,297550
2000-07-01 10:53:00 EDT,+299097-209025j,+2401+0i,,,299097
2000-07-01 10:54:00 EDT,+273824-215652j,+2401+0i,,,273824
2000-07-01 10:55:00 EDT,+281475-213309j,+2401+0i,,,281475
2000-07-01 10:56:00 EDT,+348851-195303j,+2401+0i,,,348851
2000-07-01 10:57:00 EDT,+319863-203412j,+2401+0i,,,319863
2000-07-01 10:58:00 EDT,+293220-210616j,+2401+0i,,,293220
2000-07-01 10:59:00 EDT,+271431-216401j,+2401+0i,,,271431
2000-07-01 11:00:00 EDT,+328696-209496j,+2401+0i,,,328696
2000-07-01 11:01:00 EDT,+361315-200915j,+2401+0i,,,361315
2000-07-01 11:02:00 EDT,+344830-205719j,+2401+0i,,,344830
2000-07-01 11:03:00 EDT,+291947-220080j,+2401+0i,,,291947
2000-07-01 11:04:00 EDT,+283009-222350j,+2401+0i,,,283009
2000-07-01 11:05:00 EDT,+317282-212882j,+2401+0i,,,317282
2000-07-01 11:06:00 EDT,+335897-207782j,+2401+0i,,,335897
2000-07-01 11:07:00 EDT,+355277-202769j,+2401+0i,,,355277
2000-07-01 11:08:00 EDT,+304926-216509j,+2401+0i,,,304926
2000-07-01 11:09:00 EDT,+290965-220150j,+2401+0i,,,290965
2000-07-01 11:10:00 EDT,+338333-207197j,+2401+0i,,,338333
2000-07-01 11:11:00 EDT,+331945-208987j,+2401+0i,,,331945
2000-07-01 11:12:00 EDT,+327777-210250j,+2401+0i,,,327777
2000-07-01 11:13:00 EDT,+318981-212641j,+2401+0i,,,318981
2000-07-01 11:14:00 EDT,+344986-205423j,+2401+0i,,,344986
2000-07-01 11:15:00 EDT,+339172-207010j,+2401+0i,,,339172
2000-07-01 11:16:00 EDT,+316333-213156j,+2401+0i,,,316333
2000-07-01 11:17:00 EDT,+293994-219446j,+2401+0i,,,293994
2000-07-01 11:18:00 EDT,+315342-213661j,+2401+0i,,,315342
2000-07-01 11:19:00 EDT,+357132-202082j,+2401+0i,,,357132
2000-07-01 11:20:00 EDT,+373404-197706j,+2401+0i,,,373404
2000-07-01 11:21:00 EDT,+313405-213932j,+2401+0i,,,313405
2000-07-01 11:22:00 EDT,+272873-225198j,+2401+0i,,,272873
2000-07-01 11:23:00 EDT,+330070-209556j,+2401+0i,,,330070
2000-07-01 11:24:00 EDT,+382178-195451j,+2401+0i,,,382178
2000-07-01 11:25:00 EDT,+342702-206182j,+2401+0i,,,342702
2000-07-01 11:26:00 EDT,+316813-213163j,+2401+0i,,,316813
2000-07-01 11:27:00 EDT,+298744-218075j,+2401+0i,,,298744
2000-07-01 11:28:00 EDT,+312376-214349j,+2401+0i,,,312376
2000-07-01 11:29:00 EDT,+360157-201484j,+2401+0i,,,360157
2000-07-01 11:30:00 EDT,+369276-198888j,+2401+0i,,,369276
2000-07-01 11:31:00 EDT,+343875-205711j,+2401+0i,,,343875
2000-07-01 11:32:00 EDT,+319653-212358j,+2401+0i,,,319653
2000-07-01 11:33:00 EDT,+317220-213150j,+2401+0i,,,317220
2000-07-01 11:34:00 EDT,+335698-208108j,+2401+0i,,,335698
2000-07-01 11:35:00 EDT,+362277-200834j,+2401+0i,,,362277
2000-07-01 11:36:00 EDT,+637607-123895j,+2401+0i,,,637607
2000-07-01 11:37:00 EDT,+644914-121792j,+2401+0i,,,644914
2000-07-01 11:38:00 EDT,+636395-124254j,+2401+0i,,,636395
2000-07-01 11:39:00 EDT,+587525-137962j,+2401+0i,,,587525
2000-07-01 11:40:00 EDT,+618552-129315j,+2401+0i,,,618552
2000-07-01 11:41:00 EDT,+616456-129807j,+2401+0i,,,616456
2000-07-01 11:42:00 EDT,+650079-120439j,+2401+0i,,,650079
2000-07-01 11:43:00 EDT,+647710-120977j,+2401+0i,,,647710
2000-07-01 11:44:00 EDT,+608944-131977j,+2401+0i,,,608944
2000-07-01 11:45:00 EDT,+595626-135634j,+2401+0i,,,595626
2000-07-01 11:46:00 EDT,+633207-125096j,+2401+0i,,,633207
2000-07-01 11:47:00 EDT,+656948-118385j,+2401+0i,,,656948
2000-07-01 11:48:00 EDT,+652457-119881j,+2401+0i,,,652457
2000-07-01 11:49:00 EDT,+608145-132174j,+2401+0i,,,608145
2000-07-01 11:50:00 EDT,+618618-129153j,+2401+0i,,,618618
2000-07-01 11:51:00 EDT,+643572-122126j,+2401+0i,,,643572
2000-07-01 11:52:00 EDT,+629218-126380j,+2401+0i,,,629218
2000-07-01 11:53:00 EDT,+642521-122647j,+2401+0i,,,642521
2000-07-01 11:54:00 EDT,+627355-126678j,+2401+0i,,,627355
2000-07-01 11:55:00 EDT,+630416-125785j,+2401+0i,,,630416
2000-07-01 11:56:00 EDT,+661950-116772j,+2401+0i,,,661950
2000-07-01 11:57:00 EDT,+639377-123612j,+2401+0i,,,639377
2000-07-01 11:58:00 EDT,+618487-129457j,+2401+0i,,,618487
2000-07-01 11:59:00 EDT,+619288-129064j,+2401+0i,,,619288
2000-07-01 12:00:00 EDT,+660905-155598j,+2401+0i,,,660905
2000-07-01 12:01:00 EDT,+683315-149173j,+2401+0i,,,683315
2000-07-01 12:02:00 EDT,+643841-160671j,+2401+0i,,,643841
2000-07-01 12:03:00 EDT,+606340-171505j,+2401+0i,,,606340
2000-07-01 12:04:00 EDT,+609569-170417j,+2401+0i,,,609569
2000-07-01 12:05:00 EDT,+666752-153800j,+2401+0i,,,666752
2000-07-01 12:06:00 EDT,+686178-148444j,+2401+0i,,,686178
2000-07-01 12:07:00 EDT,+661901-155558j,+2401+0i,,,661901
2000-07-01 12:08:00 EDT,+612968-169647j,+2401+0i,,,612968
2000-07-01 12:09:00 EDT,+621412-167200j,+2401+0i,,,621412
2000-07-01 12:10:00 EDT,+632962-163812j,+2401+0i,,,632962
2000-07-01 12:11:00 EDT,+640256-161643j,+2401+0i,,,640256
2000-07-01 12:12:00 EDT,+596088-174546j,+2401+0i,,,596088
2000-07-01 12:13:00 EDT,+599971-173517j,+2401+0i,,,599971
2000-07-01 12:14:00 EDT,+615910-168623j,+2401+0i,,,615910
2000-07-01 12:15:00 EDT,+623727-166547j,+2401+0i,,,623727
2000-07-01 12:16:00 EDT,+582520-178361j,+2401+0i,,,582520
2000-07-01 12:17:00 EDT,+578512-179431j,+2401+0i,,,578512
2000-07-01 12:18:00 EDT,+611742-170085j,+2401+0i,,,611742
2000-07-01 12:19:00 EDT,+608966-170717j,+2401+0i,,,608966
2000-07-01 12:20:00 EDT,+537287-191057j,+2401+0i,,,537287
2000-07-01 12:21:00 EDT,+541861-189891j,+2401+0i,,,541861
2000-07-01 12:22:00 EDT,+563722-183601j,+2401+0i,,,563722
2000-07-01 12:23:00 EDT,+573415-180819j,+2401+0i,,,573415
2000-07-01 12:24:00 EDT,+578722-179096j,+2401+0i,,,578722
2000-07-01 12:25:00 EDT,+594838-174768j,+2401+0i,,,594838
2000-07-01 12:26:00 EDT,+541607-190071j,+2401+0i,,,541607
2000-07-01 12:27:00 EDT,+520634-196055j,+2401+0i,,,520634
2000-07-01 12:28:00 EDT,+558574-184951j,+2401+0i,,,558574
2000-07-01 12:29:00 EDT,+574715-180311j,+2401+0i,,,574715
2000-07-01 12:30:00 EDT,+574065-180626j,+2401+0i,,,574065
2000-07-01 12:31:00 EDT,+536583-191162j,+2401+0i,,,536583
2000-07-01 12:32:00 EDT,+546906-188704j,+2401+0i,,,546906
2000-07-01 12:33:00 EDT,+550800-187333j,+2401+0i,,,550800
2000-07-01 12:34:00 EDT,+562446-184029j,+2401+0i,,,562446
2000-07-01 12:35:00 EDT,+533722-191844j,+2401+0i,,,533722
2000-07-01 12:36:00 EDT,+522282-195130j,+2401+0i,,,522282
2000-07-01 12:37:00 EDT,+539126-190615j,+2401+0i,,,539126
2000-07-01 12:38:00 EDT,+545685-188988j,+2401+0i,,,545685
2000-07-01 12:39:00 EDT,+532055-192714j,+2401+0i,,,532055
2000-07-01 12:40:00 EDT,+544770-188823j,+2401+0i,,,544770
2000-07-01 12:41:00 EDT,+512610-197811j,+2401+0i,,,512610
2000-07-01 12:42:00 EDT,+540564-190340j,+2401+0i,,,540564
2000-07-01 12:43:00 EDT,+526443-194270j,+2401+0i,,,526443
2000-07-01 12:44:00 EDT,+553699-186643j,+2401+0i,,,553699
2000-07-01 12:45:00 EDT,+517104-196759j,+2401+0i,,,517104
2000-07-01 12:46:00 EDT,+509330-198816j,+2401+0i,,,509330
2000-07-01 12:47:00 EDT,+540134-190404j,+2401+0i,,,540134
2000-07-01 12:48:00 EDT,+517300-196878j,+2401+0i,,,517300
2000-07-01 12:49:00 EDT,+550210-187566j,+2401+0i,,,550210
2000-07-01 12:50:00 EDT,+528476-193608j,+2401+0i,,,528476
2000-07-01 12:51:00 EDT,+518668-196334j,+2401+0i,,,518668
2000-07-01 12:52:00 EDT,+548446-187969j,+2401+0i,,,548446
2000-07-01 12:53:00 EDT,+501344-201438j,+2401+0i,,,501344
2000-07-01 12:54:00 EDT,+556426-185840j,+2401+0i,,,556426
2000-07-01 12:55:00 EDT,+491587-203830j,+2401+0i,,,491587
2000-07-01 12:56:00 EDT,+508146-199154j,+2401+0i,,,508146
2000-07-01 12:57:00 EDT,+550501-187458j,+2401+0i,,,550501
2000-07-01 12:58:00 EDT,+539955-190598j,+2401+0i,,,539955
2000-07-01 12:59:00 EDT,+503449-200711j,+2401+0i,,,503449
2000-07-01 13:00:00 EDT,+491112-160274j,+2401+0i,,,491112
2000-07-01 13:01:00 EDT,+519011-152814j,+2401+0i,,,519011
2000-07-01 13:02:00 EDT,+540639-146946j,+2401+0i,,,540639
2000-07-01 13:03:00 EDT,+535550-148353j,+2401+0i,,,535550
2000-07-01 13:04:00 EDT,+504930-156766j,+2401+0i,,,504930
2000-07-01 13:05:00 EDT,+478944-163930j,+2401+0i,,,478944
2000-07-01 13:06:00 EDT,+524067-151567j,+2401+0i,,,524067
2000-07-01 13:07:00 EDT,+549019-144596j,+2401+0i,,,549019
2000-07-01 13:08:00 EDT,+526420-150811j,+2401+0i,,,526420
2000-07-01 13:09:00 EDT,+501592-157653j,+2401+0i,,,501592
2000-07-01 13:10:00 EDT,+507714-156108j,+2401+0i,,,507714
2000-07-01 13:11:00 EDT,+522738-151693j,+2401+0i,,,522738
2000-07-01 13:12:00 EDT,+537416-147922j,+2401+0i,,,537416
2000-07-01 13:13:00 EDT,+540224-146958j,+2401+0i,,,540224
2000-07-01 13:14:00 EDT,+497314-158921j,+2401+0i,,,497314
2000-07-01 13:15:00 EDT,+482641-163095j,+2401+0i,,,482641
2000-07-01 13:16:00 EDT,+489035-161015j,+2401+0i,,,489035
2000-07-01 13:17:00 EDT,+531762-149305j,+2401+0i,,,531762
2000-07-01 13:18:00 EDT,+571802-138216j,+2401+0i,,,571802
2000-07-01 13:19:00 EDT,+500932-157969j,+2401+0i,,,500932
2000-07-01 13:20:00 EDT,+447884-172647j,+2401+0i,,,447884
2000-07-01 13:21:00 EDT,+489741-161020j,+2401+0i,,,489741
2000-07-01 13:22:00 EDT,+560729-141079j,+2401+0i,,,560729
2000-07-01 13:23:00 EDT,+562600-140911j,+2401+0i,,,562600
2000-07-01 13:24:00 EDT,+512989-154676j,+2401+0i,,,512989
2000-07-01 13:25:00 EDT,+467123-167163j,+2401+0i,,,467123
2000-07-01 13:26:00 EDT,+506616-156056j,+2401+0i,,,506616
2000-07-01 13:27:00 EDT,+548462-144581j,+2401+0i,,,548462
2000-07-01 13:28:00 EDT,+571645-138402j,+2401+0i,,,571645
2000-07-01 13:29:00 EDT,+503275-157406j,+2401+0i,,,503275
2000-07-01 13:30:00 EDT,+499621-158223j,+2401+0i,,,499621
2000-07-01 13:31:00 EDT,+511560-154821j,+2401+0i,,,511560
2000-07-01 13:32:00 EDT,+526622-150755j,+2401+0i,,,526622
2000-07-01 13:33:00 EDT,+557286-142339j,+2401+0i,,,557286
2000-07-01 13:34:00 EDT,+527217-150779j,+2401+0i,,,527217
2000-07-01 13:35:00 EDT,+530579-149617j,+2401+0i,,,530579
2000-07-01 13:36:00 EDT,+488270-161152j,+2401+0i,,,488270
2000-07-01 13:37:00 EDT,+541517-146726j,+2401+0i,,,541517
2000-07-01 13:38:00 EDT,+540032-147070j,+2401+0i,,,540032
2000-07-01 13:39:00 EDT,+534437-148780j,+2401+0i,,,534437
2000-07-01 13:40:00 EDT,+554375-143028j,+2401+0i,,,554375
2000-07-01 13:41:00 EDT,+502432-157200j,+2401+0i,,,502432
2000-07-01 13:42:00 EDT,+491049-160672j,+2401+0i,,,491049
2000-07-01 13:43:00 EDT,+529306-150128j,+2401+0i,,,529306
2000-07-01 13:44:00 EDT,+546638-145325j,+2401+0i,,,546638
2000-07-01 13:45:00 EDT,+541111-146625j,+2401+0i,,,541111
2000-07-01 13:46:00 EDT,+513273-154226j,+2401+0i,,,513273
2000-07-01 13:47:00 EDT,+504552-157035j,+2401+0i,,,504552
2000-07-01 13:48:00 EDT,+509347-155639j,+2401+0i,,,509347
2000-07-01 13:49:00 EDT,+561968-141038j,+2401+0i,,,561968
2000-07-01 13:50:00 EDT,+552790-143279j,+2401+0i,,,552790
2000-07-01 13:51:00 EDT,+525760-150980j,+2401+0i,,,525760
2000-07-01 13:52:00 EDT,+515188-153863j,+2401+0i,,,515188
2000-07-01 13:53:00 EDT,+532792-149092j,+2401+0i,,,532792
2000-07-01 13:54:00 EDT,+534034-148873j,+2401+0i,,,534034
2000-07-01 13:55:00 EDT,+542017-146461j,+2401+0i,,,542017
2000-07-01 13:56:00 EDT,+538167-147364j,+2401+0i,,,538167
2000-07-01 13:57:00 EDT,+524284-151486j,+2401+0i,,,524284
2000-07-01 13:58:00 EDT,+567790-139344j,+2401+0i,,,567790
2000-07-01 13:59:00 EDT,+513031-154648j,+2401+0i,,,513031
2000-07-01 14:00:00 EDT,+534348-126479j,+2401+0i,,,534348
2000-07-01 14:01:00 EDT,+535395-125976j,+2401+0i,,,535395
2000-07-01 14:02:00 EDT,+518483-130932j,+2401+0i,,,518483
2000-07-01 14:03:00 EDT,+558004-119796j,+2401+0i,,,558004
2000-07-01 14:04:00 EDT,+563412-118388j,+2401+0i,,,563412
2000-07-01 14:05:00 EDT,+508214-133719j,+2401+0i,,,508214
2000-07-01 14:06:00 EDT,+488692-139082j,+2401+0i,,,488692
2000-07-01 14:07:00 EDT,+527469-128094j,+2401+0i,,,527469
2000-07-01 14:08:00 EDT,+564754-117945j,+2401+0i,,,564754
2000-07-01 14:09:00 EDT,+556780-120411j,+2401+0i,,,556780
2000-07-01 14:10:00 EDT,+549691-122137j,+2401+0i,,,549691
2000-07-01 14:11:00 EDT,+495595-137135j,+2401+0i,,,495595
2000-07-01 14:12:00 EDT,+537445-125211j,+2401+0i,,,537445
2000-07-01 14:13:00 EDT,+529151-127942j,+2401+0i,,,529151
2000-07-01 14:14:00 EDT,+577758-114483j,+2401+0i,,,577758
2000-07-01 14:15:00 EDT,+546926-123017j,+2401+0i,,,546926
2000-07-01 14:16:00 EDT,+534645-126213j,+2401+0i,,,534645
2000-07-01 14:17:00 EDT,+482276-140605j,+2401+0i,,,482276
2000-07-01 14:18:00 EDT,+520328-130297j,+2401+0i,,,520328
2000-07-01 14:19:00 EDT,+523386-129644j,+2401+0i,,,523386
2000-07-01 14:20:00 EDT,+609854-105374j,+2401+0i,,,609854
2000-07-01 14:21:00 EDT,+555206-120559j,+2401+0i,,,555206
2000-07-01 14:22:00 EDT,+527793-127967j,+2401+0i,,,527793
2000-07-01 14:23:00 EDT,+517586-130923j,+2401+0i,,,517586
2000-07-01 14:24:00 EDT,+514958-131703j,+2401+0i,,,514958
2000-07-01 14:25:00 EDT,+553472-121299j,+2401+0i,,,553472
2000-07-01 14:26:00 EDT,+563634-118023j,+2401+0i,,,563634
2000-07-01 14:27:00 EDT,+555950-120204j,+2401+0i,,,555950
2000-07-01 14:28:00 EDT,+540321-124574j,+2401+0i,,,540321
2000-07-01 14:29:00 EDT,+547491-122634j,+2401+0i,,,547491
2000-07-01 14:30:00 EDT,+549836-122245j,+2401+0i,,,549836
2000-07-01 14:31:00 EDT,+571289-116004j,+2401+0i,,,571289
2000-07-01 14:32:00 EDT,+552022-121382j,+2401+0i,,,552022
2000-07-01 14:33:00 EDT,+537625-125171j,+2401+0i,,,537625
2000-07-01 14:34:00 EDT,+533380-126384j,+2401+0i,,,533380
2000-07-01 14:35:00 EDT,+552970-121121j,+2401+0i,,,552970
2000-07-01 14:36:00 EDT,+452392-149273j,+2401+0i,,,452392
2000-07-01 14:37:00 EDT,+386628-167007j,+2401+0i,,,386628
2000-07-01 14:38:00 EDT,+399741-163188j,+2401+0i,,,399741
2000-07-01 14:39:00 EDT,+366671-172407j,+2401+0i,,,366671
2000-07-01 14:40:00 EDT,+363416-173395j,+2401+0i,,,363416
2000-07-01 14:41:00 EDT,+377000-169737j,+2401+0i,,,377000
2000-07-01 14:42:00 EDT,+403749-162330j,+2401+0i,,,403749
2000-07-01 14:43:00 EDT,+373138-170666j,+2401+0i,,,373138
2000-07-01 14:44:00 EDT,+354242-175716j,+2401+0i,,,354242
2000-07-01 14:45:00 EDT,+360350-174225j,+2401+0i,,,360350
2000-07-01 14:46:00 EDT,+385852-167342j,+2401+0i,,,385852
2000-07-01 14:47:00 EDT,+398806-163778j,+2401+0i,,,398806
2000-07-01 14:48:00 EDT,+398490-163658j,+2401+0i,,,398490
2000-07-01 14:49:00 EDT,+368783-171795j,+2401+0i,,,368783
2000-07-01 14:50:00 EDT,+371465-171169j,+2401+0i,,,371465
2000-07-01 14:51:00 EDT,+398212-163973j,+2401+0i,,,398212
2000-07-01 14:52:00 EDT,+394764-164804j,+2401+0i,,,394764
2000-07-01 14:53:00 EDT,+378206-169233j,+2401+0i,,,378206
2000-07-01 14:54:00 EDT,+385472-167286j,+2401+0i,,,385472
2000-07-01 14:55:00 EDT,+387629-166704j,+2401+0i,,,387629
2000-07-01 14:56:00 EDT,+395647-164653j,+2401+0i,,,395647
2000-07-01 14:57:00 EDT,+400747-162998j,+2401+0i,,,400747
2000-07-01 14:58:00 EDT,+384387-167571j,+2401+0i,,,384387
2000-07-01 14:59:00 EDT,+373986-170340j,+2401+0i,,,373986
2000-07-01 15:00:00 EDT,+372586-196265j,+2401+0i,,,372586
2000-07-01 15:01:00 EDT,+397232-189541j,+2401+0i,,,397232
2000-07-01 15:02:00 EDT,+419848-183181j,+2401+0i,,,419848
2000-07-01 15:03:00 EDT,+387552-192143j,+2401+0i,,,387552
2000-07-01 15:04:00 EDT,+357493-200228j,+2401+0i,,,357493
2000-07-01 15:05:00 EDT,+355590-200904j,+2401+0i,,,355590
2000-07-01 15:06:00 EDT,+393208-190543j,+2401+0i,,,393208
2000-07-01 15:07:00 EDT,+421499-182914j,+2401+0i,,,421499
2000-07-01 15:08:00 EDT,+411085-185627j,+2401+0i,,,411085
2000-07-01 15:09:00 EDT,+424601-181914j,+2401+0i,,,424601
2000-07-01 15:10:00 EDT,+352663-201559j,+2401+0i,,,352663
2000-07-01 15:11:00 EDT,+344686-203820j,+2401+0i,,,344686
2000-07-01 15:12:00 EDT,+387545-192208j,+2401+0i,,,387545
2000-07-01 15:13:00 EDT,+415814-184444j,+2401+0i,,,415814
2000-07-01 15:14:00 EDT,+430070-180456j,+2401+0i,,,430070
2000-07-01 15:15:00 EDT,+409299-185995j,+2401+0i,,,409299
2000-07-01 15:16:00 EDT,+352299-201738j,+2401+0i,,,352299
2000-07-01 15:17:00 EDT,+337976-205528j,+2401+0i,,,337976
2000-07-01 15:18:00 EDT,+378929-194571j,+2401+0i,,,378929
2000-07-01 15:19:00 EDT,+418759-183642j,+2401+0i,,,418759
2000-07-01 15:20:00 EDT,+443409-176720j,+2401+0i,,,443409
2000-07-01 15:21:00 EDT,+382224-193541j,+2401+0i,,,382224
2000-07-01 15:22:00 EDT,+366361-197743j,+2401+0i,,,366361
2000-07-01 15:23:00 EDT,+371515-196578j,+2401+0i,,,371515
2000-07-01 15:24:00 EDT,+376353-195341j,+2401+0i,,,376353
2000-07-01 15:25:00 EDT,+429662-180477j,+2401+0i,,,429662
2000-07-01 15:26:00 EDT,+417063-184020j,+2401+0i,,,417063
2000-07-01 15:27:00 EDT,+360884-199486j,+2401+0i,,,360884
2000-07-01 15:28:00 EDT,+369977-196883j,+2401+0i,,,369977
2000-07-01 15:29:00 EDT,+391209-191088j,+2401+0i,,,391209
2000-07-01 15:30:00 EDT,+392261-190782j,+2401+0i,,,392261
2000-07-01 15:31:00 EDT,+405870-187173j,+2401+0i,,,405870
2000-07-01 15:32:00 EDT,+368347-197503j,+2401+0i,,,368347
2000-07-01 15:33:00 EDT,+371046-196591j,+2401+0i,,,371046
2000-07-01 15:34:00 EDT,+381282-193728j,+2401+0i,,,381282
2000-07-01 15:35:00 EDT,+416021-184180j,+2401+0i,,,416021
2000-07-01 15:36:00 EDT,+711090-101532j,+2401+0i,,,711090
2000-07-01 15:37:00 EDT,+681449-109906j,+2401+0i,,,681449
2000-07-01 15:38:00 EDT,+677513-110787j,+2401+0i,,,677513
2000-07-01 15:39:00 EDT,+672514-112228j,+2401+0i,,,672514
2000-07-01 15:40:00 EDT,+667511-113672j,+2401+0i,,,667511
2000-07-01 15:41:00 EDT,+699086-104893j,+2401+0i,,,699086
2000-07-01 15:42:00 EDT,+701045-104263j,+2401+0i,,,701045
2000-07-01 15:43:00 EDT,+715256-100130j,+2401+0i,,,715256
2000-07-01 15:44:00 EDT,+669030-113317j,+2401+0i,,,669030
2000-07-01 15:45:00 EDT,+648712-118998j,+2401+0i,,,648712
2000-07-01 15:46:00 EDT,+663284-115050j,+2401+0i,,,663284
2000-07-01 15:47:00 EDT,+724825-97497.8j,+2401+0i,,,724825
2000-07-01 15:48:00 EDT,+741521-92541.6j,+2401+0i,,,741521
2000-07-01 15:49:00 EDT,+686673-108082j,+2401+0i,,,686673
2000-07-01 15:50:00 EDT,+634876-122989j,+2401+0i,,,634876
2000-07-01 15:51:00 EDT,+634937-123087j,+2401+0i,,,634937
2000-07-01 15:52:00 EDT,+698498-104879j,+2401+0i,,,698498
2000-07-01 15:53:00 EDT,+727460-96626.9j,+2401+0i,,,727460
2000-07-01 15:54:00 EDT,+715552-99919.7j,+2401+0i,,,715552
2000-07-01 15:55:00 EDT,+689571-107600j,+2401+0i,,,689571
2000-07-01 15:56:00 EDT,+631235-124107j,+2401+0i,,,631235
2000-07-01 15:57:00 EDT,+669481-113332j,+2401+0i,,,669481
2000-07-01 15:58:00 EDT,+725054-97299.5j,+2401+0i,,,725054
2000-07-01 15:59:00 EDT,+710061-101466j,+2401+0i,,,710061
2000-07-01 16:00:00 EDT,+683861-212397j,+2401+0i,,,683861
2000-07-01 16:01:00 EDT,+698043-208419j,+2401+0i,,,698043
2000-07-01 16:02:00 EDT,+701267-207380j,+2401+0i,,,701267
2000-07-01 16:03:00 EDT,+690108-210549j,+2401+0i,,,690108
2000-07-01 16:04:00 EDT,+677726-213963j,+2401+0i,,,677726
2000-07-01 16:05:00 EDT,+688813-210982j,+2401+0i,,,688813
2000-07-01 16:06:00 EDT,+718704-202426j,+2401+0i,,,718704
2000-07-01 16:07:00 EDT,+710000-204823j,+2401+0i,,,710000
2000-07-01 16:08:00 EDT,+710990-204386j,+2401+0i,,,710990
2000-07-01 16:09:00 EDT,+680983-213167j,+2401+0i,,,680983
2000-07-01 16:10:00 EDT,+657122-220151j,+2401+0i,,,657122
2000-07-01 16:11:00 EDT,+683384-212644j,+2401+0i,,,683384
2000-07-01 16:12:00 EDT,+710958-204371j,+2401+0i,,,710958
2000-07-01 16:13:00 EDT,+723774-200739j,+2401+0i,,,723774
2000-07-01 16:14:00 EDT,+702694-206767j,+2401+0i,,,702694
2000-07-01 16:15:00 EDT,+704465-206455j,+2401+0i,,,704465
2000-07-01 16:16:00 EDT,+689780-210908j,+2401+0i,,,689780
2000-07-01 16:17:00 EDT,+684975-212002j,+2401+0i,,,684975
2000-07-01 16:18:00 EDT,+712763-203818j,+2401+0i,,,712763
2000-07-01 16:19:00 EDT,+713657-203722j,+2401+0i,,,713657
2000-07-01 16:20:00 EDT,+687007-211292j,+2401+0i,,,687007
2000-07-01 16:21:00 EDT,+700052-207890j,+2401+0i,,,700052
2000-07-01 16:22:00 EDT,+679881-213474j,+2401+0i,,,679881
2000-07-01 16:23:00 EDT,+691496-209829j,+2401+0i,,,691496
2000-07-01 16:24:00 EDT,+716716-202886j,+2401+0i,,,716716
2000-07-01 16:25:00 EDT,+691467-210150j,+2401+0i,,,691467
2000-07-01 16:26:00 EDT,+691190-210386j,+2401+0i,,,691190
2000-07-01 16:27:00 EDT,+687093-211690j,+2401+0i,,,687093
2000-07-01 16:28:00 EDT,+709602-204999j,+2401+0i,,,709602
2000-07-01 16:29:00 EDT,+717628-202535j,+2401+0i,,,717628
2000-07-01 16:30:00 EDT,+675883-214679j,+2401+0i,,,675883
2000-07-01 16:31:00 EDT,+668934-216920j,+2401+0i,,,668934
2000-07-01 16:32:00 EDT,+664492-218257j,+2401+0i,,,664492
2000-07-01 16:33:00 EDT,+672970-215648j,+2401+0i,,,672970
2000-07-01 16:34:00 EDT,+709139-205168j,+2401+0i,,,709139
2000-07-01 16:35:00 EDT,+704306-206418j,+2401+0i,,,704306
2000-07-01 16:36:00 EDT,+650307-222101j,+2401+0i,,,650307
2000-07-01 16:37:00 EDT,+612627-233146j,+2401+0i,,,612627
2000-07-01 16:38:00 EDT,+612829-233115j,+2401+0i,,,612829
2000-07-01 16:39:00 EDT,+666381-217640j,+2401+0i,,,666381
2000-07-01 16:40:00 EDT,+697043-208506j,+2401+0i,,,697043
2000-07-01 16:41:00 EDT,+657220-220100j,+2401+0i,,,657220
2000-07-01 16:42:00 EDT,+609420-233888j,+2401+0i,,,609420
2000-07-01 16:43:00 EDT,+647926-223031j,+2401+0i,,,647926
2000-07-01 16:44:00 EDT,+634333-226958j,+2401+0i,,,634333
2000-07-01 16:45:00 EDT,+653597-221277j,+2401+0i,,,653597
2000-07-01 16:46:00 EDT,+649139-222536j,+2401+0i,,,649139
2000-07-01 16:47:00 EDT,+581979-241843j,+2401+0i,,,581979
2000-07-01 16:48:00 EDT,+571153-244905j,+2401+0i,,,571153
2000-07-01 16:49:00 EDT,+630034-228009j,+2401+0i,,,630034
2000-07-01 16:50:00 EDT,+653074-221576j,+2401+0i,,,653074
2000-07-01 16:51:00 EDT,+631683-227732j,+2401+0i,,,631683
2000-07-01 16:52:00 EDT,+597738-237259j,,,,597738
