<?xml version="1.0" encoding="UTF-8"?>
<project-private xmlns="http://www.netbeans.org/ns/project-private/1">
    <editor-bookmarks xmlns="http://www.netbeans.org/ns/editor-bookmarks/2" lastBookmarkId="0"/>
    <open-files xmlns="http://www.netbeans.org/ns/projectui-open-files/2">
        <group>
            <file>file:/C:/tesp/examples/AMES/ames-3.0/src/amesmarket/DAMarket.java</file>
            <file>file:/C:/tesp/examples/AMES/ames-3.0/src/AMESGUIFrame/AMESFrame.java</file>
            <file>file:/C:/tesp/examples/AMES/ames-3.0/src/amesmarket/BUC.java</file>
            <file>file:/C:/tesp/examples/AMES/ames-3.0/src/amesmarket/AMESMarket.java</file>
            <file>file:/C:/tesp/examples/AMES/ames-3.0/src/amesmarket/ISO.java</file>
            <file>file:/C:/tesp/examples/AMES/ames-3.0/src/amesmarket/LSEAgent.java</file>
            <file>file:/C:/tesp/examples/AMES/ames-3.0/src/amesmarket/RTMarket.java</file>
        </group>
    </open-files>
</project-private>
